Workbook
Name _Hlk117772119: 'SEVERE WEATHER'!$A$4
Name fivecategree: الجداول!$C$11:$D$15

Sheet MOD Matrix
C2: مصفوفــــة المخاطــــــــــر
C4: 25 | D4: 20 | E4: 15 | F4: 10 | G4: 5 | H4: 5 متكرر الحدوث | I4: إحتمالية وقوع الحادث | V4: =IFERROR(INDEX(fivecategree,الجداول!$K11,COLUMNS(الجداول!$B11:'الجداول'!C11)),"") -> مخاطر ذات تأثير بسيط لا تتطلب وضع خطط محددة لها
C5: 20 | D5: 16 | E5: 12 | F5: 8 | G5: 4 | H5: 4 كثير الحدوث
C6: 15 | D6: 12 | E6: 9 | F6: 6 | G6: 3 | H6: 3 محتمل الحدوث
C7: 10 | D7: 8 | E7: 6 | F7: 4 | G7: 2 | H7: 2 ممكن الحدوث
C8: 5 | D8: 4 | E8: 3 | F8: 2 | G8: 1 | H8: 1 نادر الحدوث
C9: 5 عالي جداً | D9: 4 عالي | E9: 3 متوسط | F9: 2 بسيط | G9: 1 طفيف
C10: مدى خطورة الحادث
C12: مقياس قيمة الخطر (الخطورة X الإحتمالية) | F12: الدرجة | G12: الناتج
C14: إحتمالية الحــــــدوث | F14: 2 | G14: =IF(AND(F14*F16>=1,F14*F16<=25),F14*F16,"-") -> 4
C16: مدى خطورة الحادث | F16: 2

Sheet JAC Matrix
A3: مصفوفة المخاطر
A4: RISK ASSESSMENT MATRIX
A5: احتمالية وقوع الحادث Probability | B5: متكرر الحدوث | C5: 5 | D5: 5 | E5: 10 | F5: 15 | G5: 20 | H5: 25
B6: Frequent:
B7: الحوادث المستمرة او المنتظمة او الحتمية
B8: Continuous, regular, or inevitable occurrences
B9: كثير الحدوث | C9: 4 | D9: 4 | E9: 8 | F9: 12 | G9: 16 | H9: 20
B10: Likely:
B11: الكثير او العديد من الحوادث
B12: Several or numerous occurrences
B13: محتمل الحدوث | C13: 3 | D13: 3 | E13: 6 | F13: 9 | G13: 12 | H13: 15
B14: Occasional:
B15: حوادث متقطعة او على فترات متقطعة
B16: Sporadic or intermittent occurrences
B17: ممكن الحدوث | C17: 2 | D17: 2 | E17: 4 | F17: 6 | G17: 8 | H17: 10
B18: Seldom:
B19: حوادث نادرة
B20: Infrequent occurrences
B21: نادر الحدوث | C21: 1 | D21: 1 | E21: 2 | F21: 3 | G21: 4 | H21: 5
B22: Unlikely:
B23: حوادث ممكنة ولكن غير محتملة
B24: Possible occurrences but improbable
A25: X | D25: 1 | E25: 2 | F25: 3 | G25: 4 | H25: 5
D34: طفيف | E34: بسيط | F34: متوسط | G34: عالي | H34: عالي جداً
D35: Negligible: | E35: Minor: | F35: Major: | G35: Hazardous: | H35: Catastrophic:
D36: Few consequences, no impact to unit readiness, first aid injury, no loss or damage عواقب طفيفة، لا تأثير على جاهزية الوحدة، إصابات بسيطة تتطلب إسعافات أولية، بدون خسائر أو أضرار | E36: Little impact to unit readiness or mission capability; minimal injury, loss, or damage تأثير طفيف على جاهزية الوحدة او قدرة المهمة، إصابات طفيفية، خسائر او أَضرار محدودة | F36: Degraded unit readiness or mission capability; serious injury, loss or damage تدهور جاهزية الوحدة او قدرة المهمة، إصابة او مرض خطير، خسائر او أضرار | G36: Significantly degraded unit readiness or mission capability; severe injury, illness, loss or damage تدهور كبير في جاهزية الوحدة او قدرة المهمة، إصابة او مرض خطير، خسائر او أضرار | H36: Mission failure, unit readiness eliminated; death, unacceptable loss or damage فشل المهمة، القضاء على الجاهزية، وفاة، خسائر او أضرار غير مقبولة
D37: مدى خطورة الحادث
D38: Severity (expected consequence)

Sheet SEVERE WEATHER
A3: مصفوفة تقييم المخاطر لتقلبات الأحوال الجوية
A4: SEVERE WEATHER RISK ASSESSMENT MATRIX
A5: Probability احتمالية وقوع الحادث | B5: Frequent: | C5: متكرر | D5: 5 | E5: 5 | F5: 10 | G5: 15 | H5: 20 | I5: 25
B6: (Widespread) | C6: واسع الإنتشار
B7: Continuous, regular, or inevitable occurrences | C7: حدوث مستمر، منتظم، او لا مفر منه
B8: Severe long-lived intense storms expected | C8: من المتوقع حدوث عواصف شديدة قوية وطويلة الأمد
B9: Likely: | C9: محتمل | D9: 4 | E9: 4 | F9: 8 | G9: 12 | H9: 16 | I9: 20
B10: (Numerous) | C10: متكرر
B11: Several or numerous occurrences | C11: حدوث عدة مرات او بشكل متكرر
B12: Severe storms possible more persistent and/or widespread | C12: من المحتمل حدوث عواصف شديدة أكثر استمرارية و/أو واسعة الانتشار
B13: Occasional: | C13: عرضي | D13: 3 | E13: 3 | F13: 6 | G13: 9 | H13: 12 | I13: 15
B14: (Scattered) | C14: متناثر
B15: Sporadic or intermittent occurrences | C15: حدوث متقطع او متفرق
B16: Storms possible, short-lived and/or wider spread, isolated intense storms possible | C16: من المحتمل حدوث عواصف، لكنها قصيرة الأمد و/أو واسعة الانتشار، مع إمكانية حدوث عواصف شديدة معزولة
B17: Seldom: | C17: نادر | D17: 2 | E17: 2 | F17: 4 | G17: 6 | H17: 8 | I17: 10
B18: (Isolated) | C18: معزول
B19: Infrequent occurrences | C19: حدوث غير متكرر
B20: Severe storms possible, limited in duration and/or coverage and/or intensity | C20: من المحتمل حدوث عواصف شديدة، لكنها محدودة من حيث المدة و/أو النطاق و/أو الشدة
B21: Unlikely: | C21: غير محتمل | D21: 1 | E21: 1 | F21: 2 | G21: 3 | H21: 4 | I21: 5
B22: (None Expected) | C22: غير متوقع
B23: Possible occurrences but improbable | C23: حدوث ممكن ولكنه غير محتمل
B24: Lightning & flooding possible with all storms, rain events | C24: من المحتمل حدوث صواعق وفيضانات مع جميع العواصف وحالات هطول الامطار
E25: 1 | F25: 2 | G25: 3 | H25: 4 | I25: 5
E30: Negligible: طفيف | F30: Minor: بسيط | G30: Major: متوسط | H30: Hazardous: عالي | I30: Catastrophic: عالي جداً
E31: مدى خطورة الحادث Severity (expected consequence)
E32: Few consequences, no impact to unit readiness, first aid injury, no loss or damage. عواقب قليل، لا تأثير على جاهزية الوحدة إصابات بسيطة يمكن علاجها بالإسعافات الأولية، لا خسائر او أضرار | F32: Little impact to unit readiness or mission capability; minimal injury, loss, or damage. تأثير محدود على جاهزية الوحدة او قدرة المهمة، مع إصابات او خسائر او أضرار طفيفة | G32: Degraded unit readiness or mission capability; serious injury, loss or damage. تدهور جاهزية الوحدة أو قدرة المهمة: إصابة خطيرة أو أضرار | H32: Significantly degraded unit readiness or mission capability; severe injury, illness, loss or damage. تدهور كبير في جاهزية الوحدة او قدرة المهمة، إصابات خطيرة، خسائر أو أضرار | I32: Mission failure, unit readiness eliminated; death, unacceptable loss or damage. Winds: Strong cyclonic/straight-line winds with wide spread damage, gusts or sustained speeds over 50kts. Visibility: Less than 400 meters. فشل المهمة، القضاء على جاهزية الوحدة، الوفاة، خسائر او أضرار غير مقبولة الرياح: رياح اعصارية او مستقيمة قوية مع أضرار واسعة النطاق، هبات او سرعات مستدامة تتجاوز 50 عقدة الرؤية: أقل من 400 متر
E33: No severe storms expected. لا يتوقع حدوث عواصف شديدة | F33: Winds: No severe storms expected but winds to 40kts can often be connected with rain events. Visibility: Some marginal VFR visibility could be encountered. الرياح: لا يتوقع حدوث عواصف شديدة، لكن يمكن أن تصل سرعة الرياح الى 40 عقدة، وغالباً ما تكون مرتبطة بحالات هطول الامطار الرؤية: قد يتم مواجهة مدى رؤية محدودة ضمن قواعد الطيران البصري (VFR) | G33: Winds: Possible cyclonic/straight-line winds with damage, gusts or sustained speeds up to 35kts. Visibility: Dust storms or precipitation with visibility less than 1000 meters. الرياح: احتمال حدوث رياح اعصارية او مستقيمة قد تسبب أضراراً، مع هبات او سرعات مستدامة تصل الى 35 عقدة الرؤية: عواصف ترابية او هطول أمطار تؤدي الى تدني مدى الرؤية الى أقل من 1000 متر | H33: Winds: Likely cyclonic/straight-line winds with damage, gusts or sustained speeds over 35kts but less than 50kts. Visibility: Dust storms or precipitation with visibility less than 800 meters. الرياح: من المحتمل حدوث رياح اعصارية او مستقيمة قد تسبب أضراراً، مع هبات او سرعات مستدامة تتجاوز 35 عقدة ولكن أقل من 50 عقدة الرؤية: عواصف ترابية او هطول امطار تؤدي الى تدني مدى الرؤية الى أقل من 800 متر | I33: Hail: Destructive possible (2+ inch/5cm) in size. البرد: من المحتمل أن يكون مدمراً، بحجم +2 بوصة/ 5 سم
F34: Hail: Small hail up to (1 inch/2.5cm) in size. البرد: من المحتمل تساقط برد صغير يصل حجمه الى (1 بوصة/ 2.5 سم) | G34: Hail: Isolated occurrences of hail (1-2 inch/2.5-5cm) in size. البرد: حالات متفرقة من تساقط البرد بحجم (2-1 بوصة/ 5-2.5 سم) | H34: Hail: Destructive possible (1-2 inch/2.5-5cm) in size. البرد: من المحتمل أن يكون مدمراً بحجم (2-1 بوصة/ 5-2.5 سم)
E35: Severity
E36: (expected consequence)
A37: CONTROL MEASURES: Commanders shall determine, based on level of risk, what control measures will be implemented. These are covered in depth in the Unit’s Severe Weather Plan, and may include. Tie-down in place, hangar, or evacuation.
A38: إجراءات التحكم: يجب على القادة تحديد مستوى المخاطر وتحددي إجراءات التحكم التي سيتم تنفيذها بناءًا على ذلك. يتم تناول هذه الإجراءات بالتفصيل في خطة المخاطر لتقلبات الأحوال الجوية للوحدة، وقد تشمل ربط/ تثبيت الطائرة، او النقل الى الحظيرة، او الإخلاء من الموقع.

Sheet نموذج تقييم درجــات الخطورة
B2: نموذج تقييم درجــــــــــات الخطورة (مباني)
B3: ت | C3: الخطر | D3: وصف الخطر/ الضرر | E3: الإحتمالية | F3: التأثير | G3: قيمة الخطر | H3: شرح معايير قيمة الخطر | I3: إستراتيجية معالجة الخطر
B4: 1 | C4: كهربائي | E4: 3 محتمل الحدوث | F4: 5 عالي جداً | G4: =IFERROR(IF(E4='MOD Matrix'!$H$8,1,IF(E4='MOD Matrix'!$H$7,2,IF(E4='MOD Matrix'!$H$6,3,IF(E4='MOD Matrix'!$H$5,4,IF(E4='MOD Matrix'!$H$4,5,"")))))*IF(F4='MOD Matrix'!$G$9,1,IF(F4='MOD Matrix'!$F$9,2,IF(F4='MOD Matrix'!$E$9,3,IF(F4='MOD Matrix'!$D$9,4,IF(F4='MOD Matrix'!$C$9,5,"")))))," ") -> 15
B5: 2 | C5: الإضاءة المكتبية | E5: 2 ممكن الحدوث | F5: 3 متوسط | G5: =IFERROR(IF(E5='MOD Matrix'!$H$8,1,IF(E5='MOD Matrix'!$H$7,2,IF(E5='MOD Matrix'!$H$6,3,IF(E5='MOD Matrix'!$H$5,4,IF(E5='MOD Matrix'!$H$4,5,"")))))*IF(F5='MOD Matrix'!$G$9,1,IF(F5='MOD Matrix'!$F$9,2,IF(F5='MOD Matrix'!$E$9,3,IF(F5='MOD Matrix'!$D$9,4,IF(F5='MOD Matrix'!$C$9,5,"")))))," ") -> 6
B6: 3 | C6: الإصابة بالأمراض المهنية المتعلقة بالأعمال المكتبية | E6: 3 محتمل الحدوث | F6: 3 متوسط | G6: =IFERROR(IF(E6='MOD Matrix'!$H$8,1,IF(E6='MOD Matrix'!$H$7,2,IF(E6='MOD Matrix'!$H$6,3,IF(E6='MOD Matrix'!$H$5,4,IF(E6='MOD Matrix'!$H$4,5,"")))))*IF(F6='MOD Matrix'!$G$9,1,IF(F6='MOD Matrix'!$F$9,2,IF(F6='MOD Matrix'!$E$9,3,IF(F6='MOD Matrix'!$D$9,4,IF(F6='MOD Matrix'!$C$9,5,"")))))," ") -> 9
B7: 4 | C7: الحريق | E7: 2 ممكن الحدوث | F7: 4 عالي | G7: =IFERROR(IF(E7='MOD Matrix'!$H$8,1,IF(E7='MOD Matrix'!$H$7,2,IF(E7='MOD Matrix'!$H$6,3,IF(E7='MOD Matrix'!$H$5,4,IF(E7='MOD Matrix'!$H$4,5,"")))))*IF(F7='MOD Matrix'!$G$9,1,IF(F7='MOD Matrix'!$F$9,2,IF(F7='MOD Matrix'!$E$9,3,IF(F7='MOD Matrix'!$D$9,4,IF(F7='MOD Matrix'!$C$9,5,"")))))," ") -> 8
B8: 5 | C8: فيروس كورونا | E8: 3 محتمل الحدوث | F8: 5 عالي جداً | G8: =IFERROR(IF(E8='MOD Matrix'!$H$8,1,IF(E8='MOD Matrix'!$H$7,2,IF(E8='MOD Matrix'!$H$6,3,IF(E8='MOD Matrix'!$H$5,4,IF(E8='MOD Matrix'!$H$4,5,"")))))*IF(F8='MOD Matrix'!$G$9,1,IF(F8='MOD Matrix'!$F$9,2,IF(F8='MOD Matrix'!$E$9,3,IF(F8='MOD Matrix'!$D$9,4,IF(F8='MOD Matrix'!$C$9,5,"")))))," ") -> 15
B9: 6 | C9: اعمال الصيانة | E9: 1 نادر الحدوث | F9: 4 عالي | G9: =IFERROR(IF(E9='MOD Matrix'!$H$8,1,IF(E9='MOD Matrix'!$H$7,2,IF(E9='MOD Matrix'!$H$6,3,IF(E9='MOD Matrix'!$H$5,4,IF(E9='MOD Matrix'!$H$4,5,"")))))*IF(F9='MOD Matrix'!$G$9,1,IF(F9='MOD Matrix'!$F$9,2,IF(F9='MOD Matrix'!$E$9,3,IF(F9='MOD Matrix'!$D$9,4,IF(F9='MOD Matrix'!$C$9,5,"")))))," ") -> 4
B10: 7 | C10: النظافة | E10: 2 ممكن الحدوث | F10: 3 متوسط | G10: =IFERROR(IF(E10='MOD Matrix'!$H$8,1,IF(E10='MOD Matrix'!$H$7,2,IF(E10='MOD Matrix'!$H$6,3,IF(E10='MOD Matrix'!$H$5,4,IF(E10='MOD Matrix'!$H$4,5,"")))))*IF(F10='MOD Matrix'!$G$9,1,IF(F10='MOD Matrix'!$F$9,2,IF(F10='MOD Matrix'!$E$9,3,IF(F10='MOD Matrix'!$D$9,4,IF(F10='MOD Matrix'!$C$9,5,"")))))," ") -> 6
B11: 8 | G11: =IFERROR(IF(E11='MOD Matrix'!$H$8,1,IF(E11='MOD Matrix'!$H$7,2,IF(E11='MOD Matrix'!$H$6,3,IF(E11='MOD Matrix'!$H$5,4,IF(E11='MOD Matrix'!$H$4,5,"")))))*IF(F11='MOD Matrix'!$G$9,1,IF(F11='MOD Matrix'!$F$9,2,IF(F11='MOD Matrix'!$E$9,3,IF(F11='MOD Matrix'!$D$9,4,IF(F11='MOD Matrix'!$C$9,5,"")))))," ") | H11: =IFERROR(INDEX(fivecategree,الجداول!$L18,COLUMNS('نموذج تقييم درجــات الخطورة'!$B15:'نموذج تقييم درجــات الخطورة'!C15)),"")
B12: 9 | G12: =IFERROR(IF(E12='MOD Matrix'!$H$8,1,IF(E12='MOD Matrix'!$H$7,2,IF(E12='MOD Matrix'!$H$6,3,IF(E12='MOD Matrix'!$H$5,4,IF(E12='MOD Matrix'!$H$4,5,"")))))*IF(F12='MOD Matrix'!$G$9,1,IF(F12='MOD Matrix'!$F$9,2,IF(F12='MOD Matrix'!$E$9,3,IF(F12='MOD Matrix'!$D$9,4,IF(F12='MOD Matrix'!$C$9,5,"")))))," ") | H12: =IFERROR(INDEX(fivecategree,الجداول!$L19,COLUMNS('نموذج تقييم درجــات الخطورة'!$B16:'نموذج تقييم درجــات الخطورة'!C16)),"")
B13: 10 | G13: =IFERROR(IF(E13='MOD Matrix'!$H$8,1,IF(E13='MOD Matrix'!$H$7,2,IF(E13='MOD Matrix'!$H$6,3,IF(E13='MOD Matrix'!$H$5,4,IF(E13='MOD Matrix'!$H$4,5,"")))))*IF(F13='MOD Matrix'!$G$9,1,IF(F13='MOD Matrix'!$F$9,2,IF(F13='MOD Matrix'!$E$9,3,IF(F13='MOD Matrix'!$D$9,4,IF(F13='MOD Matrix'!$C$9,5,"")))))," ") | H13: =IFERROR(INDEX(fivecategree,الجداول!$L20,COLUMNS('نموذج تقييم درجــات الخطورة'!$B17:'نموذج تقييم درجــات الخطورة'!C17)),"")

Sheet الجداول
B2: الدرجة | K2: IFERROR(INDEX(alltable;$BH5;COLUMNS($C$31:C31));"")
B3: 1 | K3: ROWS($BB$5:BB5) | L3: 1
B4: 2 | K4: IF(selectyearcalendar=BF5;IF(selectmonth=BB5;BC5;" ");" ") | L4: 2
B5: 3 | K5: IFERROR(SMALL($BD$5:$BD$204;ROWS($BD$5:BD5));" ") | L5: 3
B6: 4 | K6: IF(selectyearcalendar=BF5;IF(AND(TODAY()>=AA31;TODAY()<=AD31);BC5;"");"")
B7: 5
C9: جدول الملاحظات
C10: ت | D10: الملاحظات
C11: 1 | D11: مخاطر ذات تأثير طفيف لا تتطلب وضع خطط محددة لها | I11: =ROWS($C$11:C11) -> 1 | J11: =IF(AND('MOD Matrix'!$G$14>=1,'MOD Matrix'!$G$14<=3),الجداول!C11," ") | K11: =IFERROR(SMALL($J$11:$J$15,ROWS($J$11:J11))," ") -> 2 | L11: =IF(AND('نموذج تقييم درجــات الخطورة'!G4>=1,'نموذج تقييم درجــات الخطورة'!G4<=3),الجداول!$C$11,IF(AND('نموذج تقييم درجــات الخطورة'!G4>=4,'نموذج تقييم درجــات الخطورة'!G4<=6),الجداول!$C$12,IF(AND('نموذج تقييم درجــات الخطورة'!G4>=7,'نموذج تقييم درجــات الخطورة'!G4<=10),الجداول!$C$13,IF(AND('نموذج تقييم درجــات الخطورة'!G4>=11,'نموذج تقييم درجــات الخطورة'!G4<=16),الجداول!$C$14,IF(AND('نموذج تقييم درجــات الخطورة'!G4>=17,'نموذج تقييم درجــات الخطورة'!G4<=25),الجداول!$C$15," "))))) -> 4
C12: 2 | D12: مخاطر ذات تأثير بسيط لا تتطلب وضع خطط محددة لها | I12: =ROWS($C$11:C12) -> 2 | J12: =IF(AND('MOD Matrix'!$G$14>=4,'MOD Matrix'!$G$14<=6),الجداول!C12," ") -> 2 | K12: =IFERROR(SMALL($J$11:$J$15,ROWS($J$11:J12))," ") | L12: =IF(AND('نموذج تقييم درجــات الخطورة'!G5>=1,'نموذج تقييم درجــات الخطورة'!G5<=3),الجداول!$C$11,IF(AND('نموذج تقييم درجــات الخطورة'!G5>=4,'نموذج تقييم درجــات الخطورة'!G5<=6),الجداول!$C$12,IF(AND('نموذج تقييم درجــات الخطورة'!G5>=7,'نموذج تقييم درجــات الخطورة'!G5<=10),الجداول!$C$13,IF(AND('نموذج تقييم درجــات الخطورة'!G5>=11,'نموذج تقييم درجــات الخطورة'!G5<=16),الجداول!$C$14,IF(AND('نموذج تقييم درجــات الخطورة'!G5>=17,'نموذج تقييم درجــات الخطورة'!G5<=25),الجداول!$C$15," "))))) -> 2
C13: 3 | D13: مخاطر ذات تأثير متوسط أخذها بعين الاعتبار عند وضع الخطط العامة | I13: =ROWS($C$11:C13) -> 3 | J13: =IF(AND('MOD Matrix'!$G$14>=7,'MOD Matrix'!$G$14<=10),الجداول!C13," ") | K13: =IFERROR(SMALL($J$11:$J$15,ROWS($J$11:J13))," ") | L13: =IF(AND('نموذج تقييم درجــات الخطورة'!G6>=1,'نموذج تقييم درجــات الخطورة'!G6<=3),الجداول!$C$11,IF(AND('نموذج تقييم درجــات الخطورة'!G6>=4,'نموذج تقييم درجــات الخطورة'!G6<=6),الجداول!$C$12,IF(AND('نموذج تقييم درجــات الخطورة'!G6>=7,'نموذج تقييم درجــات الخطورة'!G6<=10),الجداول!$C$13,IF(AND('نموذج تقييم درجــات الخطورة'!G6>=11,'نموذج تقييم درجــات الخطورة'!G6<=16),الجداول!$C$14,IF(AND('نموذج تقييم درجــات الخطورة'!G6>=17,'نموذج تقييم درجــات الخطورة'!G6<=25),الجداول!$C$15," "))))) -> 3
C14: 4 | D14: مخاطر ذات تأثير عالي تحتاج إلى دراسة ووضع خط للمعالجة | I14: =ROWS($C$11:C14) -> 4 | J14: =IF(AND('MOD Matrix'!$G$14>=11,'MOD Matrix'!$G$14<=16),الجداول!C14," ") | K14: =IFERROR(SMALL($J$11:$J$15,ROWS($J$11:J14))," ") | L14: =IF(AND('نموذج تقييم درجــات الخطورة'!G7>=1,'نموذج تقييم درجــات الخطورة'!G7<=3),الجداول!$C$11,IF(AND('نموذج تقييم درجــات الخطورة'!G7>=4,'نموذج تقييم درجــات الخطورة'!G7<=6),الجداول!$C$12,IF(AND('نموذج تقييم درجــات الخطورة'!G7>=7,'نموذج تقييم درجــات الخطورة'!G7<=10),الجداول!$C$13,IF(AND('نموذج تقييم درجــات الخطورة'!G7>=11,'نموذج تقييم درجــات الخطورة'!G7<=16),الجداول!$C$14,IF(AND('نموذج تقييم درجــات الخطورة'!G7>=17,'نموذج تقييم درجــات الخطورة'!G7<=25),الجداول!$C$15," "))))) -> 3
C15: 5 | D15: مخاطر ذات تأثير عالي جداً يتوجب وضع الإجراءات والخطط لمواجهتها | I15: =ROWS($C$11:C15) -> 5 | J15: =IF(AND('MOD Matrix'!$G$14>=17,'MOD Matrix'!$G$14<=25),الجداول!C15," ") | K15: =IFERROR(SMALL($J$11:$J$15,ROWS($J$11:J15))," ") | L15: =IF(AND('نموذج تقييم درجــات الخطورة'!G8>=1,'نموذج تقييم درجــات الخطورة'!G8<=3),الجداول!$C$11,IF(AND('نموذج تقييم درجــات الخطورة'!G8>=4,'نموذج تقييم درجــات الخطورة'!G8<=6),الجداول!$C$12,IF(AND('نموذج تقييم درجــات الخطورة'!G8>=7,'نموذج تقييم درجــات الخطورة'!G8<=10),الجداول!$C$13,IF(AND('نموذج تقييم درجــات الخطورة'!G8>=11,'نموذج تقييم درجــات الخطورة'!G8<=16),الجداول!$C$14,IF(AND('نموذج تقييم درجــات الخطورة'!G8>=17,'نموذج تقييم درجــات الخطورة'!G8<=25),الجداول!$C$15," "))))) -> 4
F16: جدول الملاحظات | L16: =IF(AND('نموذج تقييم درجــات الخطورة'!G9>=1,'نموذج تقييم درجــات الخطورة'!G9<=3),الجداول!$C$11,IF(AND('نموذج تقييم درجــات الخطورة'!G9>=4,'نموذج تقييم درجــات الخطورة'!G9<=6),الجداول!$C$12,IF(AND('نموذج تقييم درجــات الخطورة'!G9>=7,'نموذج تقييم درجــات الخطورة'!G9<=10),الجداول!$C$13,IF(AND('نموذج تقييم درجــات الخطورة'!G9>=11,'نموذج تقييم درجــات الخطورة'!G9<=16),الجداول!$C$14,IF(AND('نموذج تقييم درجــات الخطورة'!G9>=17,'نموذج تقييم درجــات الخطورة'!G9<=25),الجداول!$C$15," "))))) -> 2
F17: ت | G17: الملاحظات | L17: =IF(AND('نموذج تقييم درجــات الخطورة'!G10>=1,'نموذج تقييم درجــات الخطورة'!G10<=3),الجداول!$C$11,IF(AND('نموذج تقييم درجــات الخطورة'!G10>=4,'نموذج تقييم درجــات الخطورة'!G10<=6),الجداول!$C$12,IF(AND('نموذج تقييم درجــات الخطورة'!G10>=7,'نموذج تقييم درجــات الخطورة'!G10<=10),الجداول!$C$13,IF(AND('نموذج تقييم درجــات الخطورة'!G10>=11,'نموذج تقييم درجــات الخطورة'!G10<=16),الجداول!$C$14,IF(AND('نموذج تقييم درجــات الخطورة'!G10>=17,'نموذج تقييم درجــات الخطورة'!G10<=25),الجداول!$C$15," "))))) -> 2
F18: 1 | L18: =IF(AND('نموذج تقييم درجــات الخطورة'!G11>=1,'نموذج تقييم درجــات الخطورة'!G11<=3),الجداول!$C$11,IF(AND('نموذج تقييم درجــات الخطورة'!G11>=4,'نموذج تقييم درجــات الخطورة'!G11<=6),الجداول!$C$12,IF(AND('نموذج تقييم درجــات الخطورة'!G11>=7,'نموذج تقييم درجــات الخطورة'!G11<=10),الجداول!$C$13,IF(AND('نموذج تقييم درجــات الخطورة'!G11>=11,'نموذج تقييم درجــات الخطورة'!G11<=16),الجداول!$C$14,IF(AND('نموذج تقييم درجــات الخطورة'!G11>=17,'نموذج تقييم درجــات الخطورة'!G11<=25),الجداول!$C$15," ")))))
F19: 2 | L19: =IF(AND('نموذج تقييم درجــات الخطورة'!G12>=1,'نموذج تقييم درجــات الخطورة'!G12<=3),الجداول!$C$11,IF(AND('نموذج تقييم درجــات الخطورة'!G12>=4,'نموذج تقييم درجــات الخطورة'!G12<=6),الجداول!$C$12,IF(AND('نموذج تقييم درجــات الخطورة'!G12>=7,'نموذج تقييم درجــات الخطورة'!G12<=10),الجداول!$C$13,IF(AND('نموذج تقييم درجــات الخطورة'!G12>=11,'نموذج تقييم درجــات الخطورة'!G12<=16),الجداول!$C$14,IF(AND('نموذج تقييم درجــات الخطورة'!G12>=17,'نموذج تقييم درجــات الخطورة'!G12<=25),الجداول!$C$15," ")))))
F20: 3 | L20: =IF(AND('نموذج تقييم درجــات الخطورة'!G13>=1,'نموذج تقييم درجــات الخطورة'!G13<=3),الجداول!$C$11,IF(AND('نموذج تقييم درجــات الخطورة'!G13>=4,'نموذج تقييم درجــات الخطورة'!G13<=6),الجداول!$C$12,IF(AND('نموذج تقييم درجــات الخطورة'!G13>=7,'نموذج تقييم درجــات الخطورة'!G13<=10),الجداول!$C$13,IF(AND('نموذج تقييم درجــات الخطورة'!G13>=11,'نموذج تقييم درجــات الخطورة'!G13<=16),الجداول!$C$14,IF(AND('نموذج تقييم درجــات الخطورة'!G13>=17,'نموذج تقييم درجــات الخطورة'!G13<=25),الجداول!$C$15," ")))))
F21: 1
F22: 2
F23: 3
F24: 4
F25: 5
F26: 6
F27: 4
F28: 5
F29: 6
F30: 4
F31: 8
F32: 9
... F43: 25
